Code_Transaction,Date,Client,Categorie,Montant,Type_Transaction,Devise,Profit,Commentaire,Statut,Montant_EUR,Montant_CAD
1,2024-05-22,Client E,Vente de produits,3384.66,Revenu,USD,1353.864,,Validé,3723.126,2538.495
2,2024-05-04,Client B,Investissement,17596.77,Revenu,EUR,7038.7080000000005,A vérifier,En attente,19356.447000000004,13197.5775
3,2024-02-15,Client B,Charges fixes,15552.76,Revenu,USD,6221.104,,Validé,17108.036,11664.57
4,2024-06-14,Client E,Charges fixes,18637.64,Revenu,USD,7455.0560000000005,,Validé,20501.404000000002,13978.23
5,2024-04-16,Client A,Vente de produits,13889.4,Revenu,CAD,5555.76,,Rejeté,15278.34,10417.05
6,2024-04-27,Client B,Salaires,-3139.56,Dépense,CAD,0.0,A vérifier,En attente,-3453.516,-2354.67
7,2024-02-21,Client D,Vente de produits,-7343.8,Dépense,EUR,0.0,A vérifier,En attente,-8078.180000000001,-5507.85
8,2024-02-22,Client C,Investissement,3823.98,Revenu,CAD,1529.592,A vérifier,En attente,4206.378000000001,2867.985
9,2024-02-05,Client B,Salaires,10861.01,Revenu,EUR,4344.404,,Rejeté,11947.111,8145.7575
10,2024-05-10,Client C,Vente de produits,12152.58,Revenu,EUR,4861.032,,Validé,13367.838000000002,9114.435
11,2024-03-03,Client D,Investissement,-2893.75,Investissement,USD,0.0,,Rejeté,-3183.1250000000005,-2170.3125
12,2024-05-18,Client A,Charges fixes,11220.64,Revenu,USD,4488.256,A vérifier,En attente,12342.704,8415.48
13,2024-06-08,Client D,Charges fixes,7149.64,Revenu,EUR,2859.856,,Rejeté,7864.604000000001,5362.2300000000005
14,2024-05-19,Client A,Vente de produits,-5145.9,Dépense,EUR,0.0,,Rejeté,-5660.49,-3859.4249999999997
15,2024-04-20,Client D,Salaires,16274.64,Revenu,EUR,6509.856,A vérifier,En attente,17902.104,12205.98
16,2024-04-11,Client A,Vente de services,4934.04,Revenu,EUR,1973.616,,Rejeté,5427.444,3700.5299999999997
17,2024-02-11,Client B,Vente de produits,-6334.61,Dépense,EUR,0.0,,Rejeté,-6968.071,-4750.9574999999995
18,2024-05-05,Client D,Salaires,-3986.4,Dépense,EUR,0.0,,Validé,-4385.040000000001,-2989.8
19,2024-02-29,Client A,Charges fixes,10051.91,Revenu,USD,4020.764,,Rejeté,11057.101,7538.9325
20,2024-03-28,Client E,Investissement,-4676.89,Investissement,CAD,0.0,,Validé,-5144.579000000001,-3507.6675000000005
21,2024-05-04,Client B,Vente de services,-962.81,Dépense,USD,0.0,A vérifier,En attente,-1059.0910000000001,-722.1075
22,2024-06-30,Client A,Vente de produits,15157.35,Revenu,USD,6062.9400000000005,,Validé,16673.085000000003,11368.0125
23,2024-02-14,Client E,Charges fixes,18671.81,Revenu,USD,7468.724000000001,,Rejeté,20538.991,14003.857500000002
24,2024-02-02,Client B,Vente de services,4258.8,Revenu,EUR,1703.5200000000002,A vérifier,En attente,4684.68,3194.1000000000004
25,2024-03-12,Client A,Investissement,9999.12,Revenu,EUR,3999.6480000000006,,Validé,10999.032000000001,7499.34
26,2024-03-25,Client D,Vente de services,1416.07,Revenu,EUR,566.428,,Validé,1557.6770000000001,1062.0525
27,2024-06-04,Client D,Salaires,19594.87,Revenu,CAD,7837.948,,Validé,21554.357,14696.1525
28,2024-01-18,Client E,Charges fixes,15257.34,Revenu,USD,6102.936000000001,A vérifier,En attente,16783.074,11443.005000000001
29,2024-01-30,Client C,Vente de produits,-8278.53,Dépense,USD,0.0,,Rejeté,-9106.383000000002,-6208.897500000001
30,2024-01-30,Client C,Vente de produits,11752.7,Revenu,EUR,4701.080000000001,,Validé,12927.970000000001,8814.525000000001
31,2024-03-12,Client D,Vente de produits,18233.25,Revenu,CAD,7293.3,,Validé,20056.575,13674.9375
32,2024-04-03,Client A,Charges fixes,10841.61,Revenu,CAD,4336.644,,Rejeté,11925.771000000002,8131.2075
33,2024-01-12,Client A,Salaires,9549.98,Revenu,CAD,3819.992,A vérifier,En attente,10504.978000000001,7162.485
34,2024-04-06,Client D,Charges fixes,18096.58,Revenu,USD,7238.632000000001,,Rejeté,19906.238000000005,13572.435000000001
35,2024-06-23,Client A,Vente de produits,-32.28,Dépense,USD,0.0,,Rejeté,-35.508,-24.21
36,2024-04-23,Client D,Salaires,-9747.38,Dépense,CAD,0.0,,Validé,-10722.118,-7310.535
37,2024-03-21,Client D,Salaires,6442.72,Revenu,CAD,2577.088,,Rejeté,7086.992000000001,4832.04
38,2024-03-09,Client D,Vente de services,19029.01,Revenu,USD,7611.603999999999,,Validé,20931.911,14271.7575
39,2024-05-11,Client E,Charges fixes,7223.11,Revenu,EUR,2889.244,A vérifier,En attente,7945.421,5417.3324999999995
40,2024-06-04,Client E,Charges fixes,15366.86,Revenu,USD,6146.744000000001,,Validé,16903.546000000002,11525.145
41,2024-06-22,Client A,Vente de services,-484.69,Dépense,EUR,0.0,,Rejeté,-533.159,-363.5175
42,2024-05-06,Client B,Investissement,-7519.51,Investissement,USD,0.0,,Validé,-8271.461000000001,-5639.6325
43,2024-04-19,Client D,Salaires,-3529.93,Dépense,EUR,0.0,A vérifier,En attente,-3882.9230000000002,-2647.4474999999998
44,2024-05-05,Client E,Charges fixes,16126.39,Revenu,EUR,6450.5560000000005,,Validé,17739.029000000002,12094.7925
45,2024-03-24,Client D,Investissement,8386.67,Revenu,EUR,3354.668,,Validé,9225.337000000001,6290.0025000000005
46,2024-03-15,Client E,Vente de produits,3516.96,Revenu,CAD,1406.784,,Validé,3868.6560000000004,2637.7200000000003
47,2024-01-14,Client E,Investissement,-1387.94,Investissement,CAD,0.0,,Rejeté,-1526.7340000000002,-1040.955
48,2024-02-24,Client B,Vente de services,-3666.4,Dépense,CAD,0.0,,Validé,-4033.0400000000004,-2749.8
49,2024-04-25,Client A,Charges fixes,-5356.62,Dépense,USD,0.0,,Validé,-5892.282,-4017.465
50,2024-04-14,Client A,Salaires,1088.93,Revenu,EUR,435.57200000000006,,Validé,1197.823,816.6975
51,2024-02-08,Client E,Investissement,11744.94,Revenu,USD,4697.976000000001,A vérifier,En attente,12919.434000000001,8808.705
52,2024-03-18,Client C,Vente de produits,13067.72,Revenu,CAD,5227.088,,Validé,14374.492,9800.789999999999
53,2024-06-03,Client C,Vente de services,15705.53,Revenu,USD,6282.212,A vérifier,En attente,17276.083000000002,11779.147500000001
54,2024-04-02,Client A,Vente de produits,-1228.41,Dépense,EUR,0.0,,Rejeté,-1351.2510000000002,-921.3075000000001
55,2024-01-17,Client E,Charges fixes,7966.52,Revenu,EUR,3186.608,,Rejeté,8763.172,5974.89
56,2024-03-26,Client A,Charges fixes,1966.57,Revenu,EUR,786.628,,Validé,2163.2270000000003,1474.9275
57,2024-02-02,Client E,Vente de services,-1439.21,Dépense,CAD,0.0,,Rejeté,-1583.131,-1079.4075
58,2024-02-29,Client D,Vente de services,12983.27,Revenu,CAD,5193.308000000001,A vérifier,En attente,14281.597000000002,9737.4525
59,2024-05-16,Client C,Salaires,14575.61,Revenu,CAD,5830.244000000001,,Rejeté,16033.171000000002,10931.7075
60,2024-04-10,Client E,Vente de services,-7873.73,Dépense,EUR,0.0,,Validé,-8661.103000000001,-5905.2975
61,2024-05-16,Client C,Vente de produits,4122.53,Revenu,USD,1649.012,,Validé,4534.783,3091.8975
62,2024-06-02,Client D,Salaires,14283.2,Revenu,USD,5713.280000000001,A vérifier,En attente,15711.520000000002,10712.400000000001
63,2024-05-21,Client C,Salaires,6797.25,Revenu,EUR,2718.9,,Rejeté,7476.975,5097.9375
64,2024-05-14,Client C,Vente de services,5479.32,Revenu,USD,2191.728,A vérifier,En attente,6027.252,4109.49
65,2024-01-16,Client B,Charges fixes,13016.6,Revenu,USD,5206.64,A vérifier,En attente,14318.260000000002,9762.45
66,2024-02-26,Client D,Vente de services,-8982.11,Dépense,CAD,0.0,,Rejeté,-9880.321000000002,-6736.5825
67,2024-06-06,Client E,Salaires,774.65,Revenu,CAD,309.86,A vérifier,En attente,852.115,580.9875
68,2024-05-07,Client E,Charges fixes,4728.7,Revenu,CAD,1891.48,A vérifier,En attente,5201.570000000001,3546.5249999999996
69,2024-06-13,Client A,Investissement,16484.61,Revenu,CAD,6593.844000000001,,Rejeté,18133.071000000004,12363.4575
70,2024-04-28,Client A,Investissement,14503.45,Revenu,EUR,5801.380000000001,,Validé,15953.795000000002,10877.587500000001
71,2024-01-01,Client A,Vente de services,8875.38,Revenu,EUR,3550.152,A vérifier,En attente,9762.918,6656.535
72,2024-02-27,Client B,Investissement,-8923.32,Investissement,CAD,0.0,,Rejeté,-9815.652,-6692.49
73,2024-06-12,Client D,Charges fixes,5574.33,Revenu,USD,2229.732,A vérifier,En attente,6131.763000000001,4180.7474999999995
74,2024-04-18,Client E,Charges fixes,3711.86,Revenu,CAD,1484.7440000000001,A vérifier,En attente,4083.0460000000003,2783.895
75,2024-03-20,Client D,Charges fixes,-7154.43,Dépense,CAD,0.0,,Validé,-7869.8730000000005,-5365.8225
76,2024-02-20,Client E,Investissement,12238.79,Revenu,CAD,4895.5160000000005,,Validé,13462.669000000002,9179.0925
77,2024-01-30,Client B,Vente de services,2184.34,Revenu,CAD,873.7360000000001,,Rejeté,2402.7740000000003,1638.255
78,2024-03-15,Client A,Vente de produits,-9145.6,Dépense,USD,0.0,,Validé,-10060.160000000002,-6859.200000000001
79,2024-06-08,Client A,Vente de produits,17778.06,Revenu,EUR,7111.224000000001,,Validé,19555.866,13333.545000000002
80,2024-04-08,Client E,Charges fixes,16847.94,Revenu,CAD,6739.1759999999995,A vérifier,En attente,18532.734,12635.954999999998
81,2024-01-24,Client C,Charges fixes,7049.25,Revenu,USD,2819.7000000000003,A vérifier,En attente,7754.175,5286.9375
82,2024-02-17,Client D,Vente de services,8815.61,Revenu,CAD,3526.2440000000006,,Rejeté,9697.171000000002,6611.7075
83,2024-02-13,Client D,Salaires,-383.14,Dépense,CAD,0.0,,Validé,-421.454,-287.355
84,2024-01-30,Client A,Vente de services,3766.16,Revenu,USD,1506.464,,Validé,4142.776,2824.62
85,2024-03-05,Client C,Salaires,10292.53,Revenu,CAD,4117.012000000001,,Rejeté,11321.783000000001,7719.397500000001
86,2024-05-27,Client A,Charges fixes,13048.42,Revenu,CAD,5219.368,,Validé,14353.262,9786.315
87,2024-02-01,Client A,Investissement,5984.29,Revenu,CAD,2393.716,A vérifier,En attente,6582.719,4488.2175
88,2024-05-18,Client B,Charges fixes,15921.73,Revenu,CAD,6368.692,A vérifier,En attente,17513.903000000002,11941.2975
89,2024-01-07,Client E,Salaires,12920.8,Revenu,USD,5168.32,,Validé,14212.880000000001,9690.599999999999
90,2024-03-02,Client D,Investissement,407.38,Revenu,EUR,162.952,,Validé,448.11800000000005,305.53499999999997
91,2024-06-29,Client A,Charges fixes,16803.47,Revenu,EUR,6721.388000000001,,Rejeté,18483.817000000003,12602.6025
92,2024-06-17,Client D,Vente de produits,-4919.38,Dépense,CAD,0.0,,Validé,-5411.318,-3689.535
93,2024-03-30,Client A,Vente de services,-9723.95,Dépense,CAD,0.0,,Validé,-10696.345000000001,-7292.962500000001
94,2024-01-23,Client B,Investissement,2580.88,Revenu,CAD,1032.352,,Rejeté,2838.9680000000003,1935.66
95,2024-01-13,Client B,Charges fixes,5216.21,Revenu,CAD,2086.484,A vérifier,En attente,5737.831,3912.1575000000003
96,2024-05-16,Client B,Vente de services,-1008.4,Dépense,USD,0.0,A vérifier,En attente,-1109.24,-756.3
97,2024-06-27,Client C,Investissement,534.2,Revenu,EUR,213.68000000000004,A vérifier,En attente,587.6200000000001,400.65000000000003
98,2024-03-05,Client D,Salaires,10527.22,Revenu,CAD,4210.888,,Rejeté,11579.942000000001,7895.414999999999
99,2024-03-22,Client C,Investissement,-3436.6,Investissement,CAD,0.0,,Rejeté,-3780.26,-2577.45
100,2024-05-10,Client C,Investissement,5055.8,Revenu,CAD,2022.3200000000002,,Validé,5561.380000000001,3791.8500000000004
101,2024-02-27,Client A,Vente de produits,-1031.58,Dépense,EUR,0.0,A vérifier,En attente,-1134.738,-773.685
102,2024-03-17,Client A,Investissement,9494.23,Revenu,CAD,3797.692,,Rejeté,10443.653,7120.6725
103,2024-04-29,Client C,Vente de produits,15229.5,Revenu,USD,6091.8,,Rejeté,16752.45,11422.125
104,2024-06-08,Client C,Salaires,9823.06,Revenu,EUR,3929.224,,Validé,10805.366,7367.295
105,2024-04-12,Client E,Salaires,16700.71,Revenu,CAD,6680.284,,Rejeté,18370.781,12525.5325
106,2024-06-21,Client E,Charges fixes,-9028.04,Dépense,EUR,0.0,A vérifier,En attente,-9930.844000000001,-6771.030000000001
107,2024-02-12,Client E,Vente de produits,10.12,Revenu,CAD,4.048,,Rejeté,11.132,7.59
108,2024-03-06,Client B,Vente de services,-6106.34,Dépense,EUR,0.0,,Validé,-6716.974000000001,-4579.755
109,2024-01-21,Client B,Salaires,11727.69,Revenu,EUR,4691.076,,Rejeté,12900.459,8795.7675
110,2024-03-10,Client C,Salaires,15381.23,Revenu,CAD,6152.492,,Validé,16919.353,11535.9225
111,2024-02-16,Client C,Investissement,11476.91,Revenu,USD,4590.764,,Validé,12624.601,8607.682499999999
112,2024-04-14,Client C,Salaires,-3986.25,Dépense,USD,0.0,A vérifier,En attente,-4384.875,-2989.6875
113,2024-05-01,Client D,Investissement,-6829.46,Investissement,EUR,0.0,,Validé,-7512.406000000001,-5122.095
114,2024-06-02,Client E,Vente de services,13130.02,Revenu,EUR,5252.008000000001,,Validé,14443.022,9847.515
115,2024-04-21,Client A,Salaires,10457.27,Revenu,USD,4182.908,,Validé,11502.997000000001,7842.9525
116,2024-03-11,Client A,Vente de services,13915.57,Revenu,CAD,5566.228,,Validé,15307.127,10436.6775
117,2024-02-24,Client A,Salaires,19620.37,Revenu,EUR,7848.148,,Validé,21582.407,14715.2775
118,2024-02-23,Client E,Charges fixes,9705.32,Revenu,USD,3882.128,A vérifier,En attente,10675.852,7278.99
119,2024-03-17,Client C,Vente de produits,-4221.24,Dépense,CAD,0.0,,Validé,-4643.3640000000005,-3165.93
120,2024-03-17,Client D,Investissement,12126.1,Revenu,EUR,4850.4400000000005,,Validé,13338.710000000001,9094.575
121,2024-02-22,Client E,Vente de services,-5253.45,Dépense,CAD,0.0,A vérifier,En attente,-5778.795,-3940.0874999999996
122,2024-06-23,Client E,Investissement,4493.18,Revenu,USD,1797.2720000000002,A vérifier,En attente,4942.4980000000005,3369.885
123,2024-03-06,Client A,Vente de services,806.91,Revenu,CAD,322.764,,Rejeté,887.601,605.1825
124,2024-04-05,Client E,Investissement,-310.38,Investissement,CAD,0.0,,Validé,-341.418,-232.785
125,2024-04-26,Client B,Vente de produits,-6064.79,Dépense,CAD,0.0,,Rejeté,-6671.269,-4548.5925
126,2024-02-23,Client B,Vente de produits,2210.65,Revenu,USD,884.2600000000001,,Validé,2431.715,1657.9875000000002
127,2024-01-13,Client D,Investissement,4886.64,Revenu,CAD,1954.6560000000002,,Validé,5375.304000000001,3664.9800000000005
128,2024-02-08,Client A,Investissement,-1719.7,Investissement,USD,0.0,,Rejeté,-1891.6700000000003,-1289.775
129,2024-04-12,Client A,Vente de services,-6042.85,Dépense,EUR,0.0,A vérifier,En attente,-6647.135000000001,-4532.137500000001
130,2024-05-19,Client E,Vente de services,-5068.84,Dépense,CAD,0.0,,Rejeté,-5575.724,-3801.63
131,2024-04-15,Client C,Investissement,18600.07,Revenu,USD,7440.028,,Rejeté,20460.077,13950.0525
132,2024-01-07,Client A,Investissement,12433.67,Revenu,EUR,4973.468000000001,,Validé,13677.037000000002,9325.2525
133,2024-04-13,Client E,Salaires,-9652.7,Dépense,CAD,0.0,,Validé,-10617.970000000001,-7239.525000000001
134,2024-04-12,Client E,Investissement,9217.8,Revenu,CAD,3687.12,A vérifier,En attente,10139.58,6913.349999999999
135,2024-03-11,Client E,Vente de services,-6056.15,Dépense,USD,0.0,,Rejeté,-6661.765,-4542.112499999999
136,2024-06-28,Client E,Vente de produits,1563.66,Revenu,EUR,625.464,A vérifier,En attente,1720.0260000000003,1172.7450000000001
137,2024-04-28,Client C,Vente de services,-2770.82,Dépense,USD,0.0,,Rejeté,-3047.9020000000005,-2078.1150000000002
138,2024-04-26,Client B,Vente de produits,-264.52,Dépense,USD,0.0,,Validé,-290.972,-198.39
139,2024-05-29,Client C,Investissement,7437.55,Revenu,USD,2975.0200000000004,A vérifier,En attente,8181.305000000001,5578.1625
140,2024-04-20,Client D,Vente de services,12982.01,Revenu,EUR,5192.804,A vérifier,En attente,14280.211000000001,9736.5075
141,2024-06-29,Client C,Investissement,18010.33,Revenu,USD,7204.132000000001,A vérifier,En attente,19811.363000000005,13507.747500000001
142,2024-01-18,Client E,Charges fixes,272.82,Revenu,CAD,109.128,A vérifier,En attente,300.10200000000003,204.615
143,2024-02-03,Client D,Charges fixes,8628.28,Revenu,CAD,3451.3120000000004,,Rejeté,9491.108000000002,6471.210000000001
144,2024-01-12,Client D,Vente de produits,19411.34,Revenu,USD,7764.536,,Rejeté,21352.474000000002,14558.505000000001
145,2024-01-19,Client C,Vente de produits,9409.53,Revenu,CAD,3763.8120000000004,A vérifier,En attente,10350.483000000002,7057.147500000001
146,2024-06-20,Client D,Vente de services,18107.16,Revenu,EUR,7242.8640000000005,,Rejeté,19917.876,13580.369999999999
147,2024-02-15,Client E,Charges fixes,12599.72,Revenu,USD,5039.888,A vérifier,En attente,13859.692000000001,9449.789999999999
148,2024-01-02,Client B,Vente de produits,14354.85,Revenu,USD,5741.9400000000005,,Validé,15790.335000000001,10766.1375
149,2024-06-28,Client E,Salaires,17285.27,Revenu,EUR,6914.108,,Rejeté,19013.797000000002,12963.9525
150,2024-03-14,Client C,Vente de services,12739.67,Revenu,EUR,5095.868,A vérifier,En attente,14013.637,9554.7525
151,2024-05-30,Client A,Investissement,-1809.97,Investissement,USD,0.0,,Validé,-1990.967,-1357.4775
152,2024-06-26,Client E,Charges fixes,17291.73,Revenu,USD,6916.692,,Validé,19020.903000000002,12968.7975
153,2024-01-16,Client E,Investissement,-3188.23,Investissement,USD,0.0,A vérifier,En attente,-3507.0530000000003,-2391.1725
154,2024-03-13,Client D,Vente de produits,7004.81,Revenu,CAD,2801.9240000000004,A vérifier,En attente,7705.291000000001,5253.6075
155,2024-03-12,Client D,Charges fixes,-2689.44,Dépense,EUR,0.0,,Validé,-2958.3840000000005,-2017.08
156,2024-02-04,Client B,Salaires,-7627.35,Dépense,CAD,0.0,,Validé,-8390.085000000001,-5720.512500000001
157,2024-02-11,Client B,Vente de services,14700.44,Revenu,USD,5880.176,,Validé,16170.484000000002,11025.33
158,2024-05-25,Client A,Vente de services,-8391.75,Dépense,EUR,0.0,,Validé,-9230.925000000001,-6293.8125
159,2024-01-22,Client E,Salaires,-836.76,Dépense,USD,0.0,,Validé,-920.436,-627.5699999999999
160,2024-05-10,Client D,Vente de produits,5459.23,Revenu,USD,2183.692,A vérifier,En attente,6005.153,4094.4224999999997
161,2024-05-16,Client D,Charges fixes,-7576.27,Dépense,EUR,0.0,,Validé,-8333.897,-5682.2025
162,2024-03-21,Client A,Vente de services,-2968.47,Dépense,EUR,0.0,,Rejeté,-3265.317,-2226.3525
163,2024-04-18,Client B,Salaires,6492.17,Revenu,USD,2596.8680000000004,,Rejeté,7141.387000000001,4869.1275000000005
164,2024-04-11,Client D,Investissement,17708.32,Revenu,EUR,7083.328,,Validé,19479.152000000002,13281.24
165,2024-03-15,Client A,Investissement,3090.67,Revenu,CAD,1236.268,,Validé,3399.7370000000005,2318.0025
166,2024-01-31,Client C,Salaires,-8344.35,Dépense,EUR,0.0,A vérifier,En attente,-9178.785000000002,-6258.262500000001
167,2024-01-15,Client E,Salaires,-99.29,Dépense,CAD,0.0,,Validé,-109.21900000000002,-74.4675
168,2024-01-20,Client A,Vente de produits,19534.93,Revenu,EUR,7813.972000000001,,Rejeté,21488.423000000003,14651.1975
169,2024-05-21,Client A,Charges fixes,13726.23,Revenu,USD,5490.492,,Rejeté,15098.853000000001,10294.6725
170,2024-03-03,Client D,Vente de produits,5618.24,Revenu,EUR,2247.296,,Validé,6180.064,4213.68
171,2024-01-10,Client D,Investissement,11249.45,Revenu,USD,4499.780000000001,A vérifier,En attente,12374.395000000002,8437.087500000001
172,2024-06-11,Client B,Investissement,10523.4,Revenu,USD,4209.36,A vérifier,En attente,11575.74,7892.549999999999
173,2024-06-03,Client E,Vente de produits,15458.69,Revenu,USD,6183.476000000001,,Rejeté,17004.559,11594.0175
174,2024-06-26,Client D,Vente de produits,7174.14,Revenu,USD,2869.6560000000004,A vérifier,En attente,7891.554000000001,5380.6050000000005
175,2024-05-05,Client D,Salaires,6917.71,Revenu,EUR,2767.0840000000003,A vérifier,En attente,7609.481000000001,5188.2825
176,2024-06-21,Client A,Vente de produits,19102.81,Revenu,EUR,7641.124000000001,,Rejeté,21013.091000000004,14327.107500000002
177,2024-01-11,Client C,Salaires,6560.43,Revenu,CAD,2624.1720000000005,A vérifier,En attente,7216.473000000001,4920.3225
178,2024-04-03,Client C,Vente de produits,10556.77,Revenu,EUR,4222.7080000000005,,Rejeté,11612.447000000002,7917.5775
179,2024-06-26,Client B,Investissement,13161.18,Revenu,EUR,5264.472000000001,,Rejeté,14477.298,9870.885
180,2024-02-08,Client B,Salaires,5407.21,Revenu,EUR,2162.884,A vérifier,En attente,5947.9310000000005,4055.4075000000003
181,2024-05-02,Client E,Salaires,6166.68,Revenu,USD,2466.6720000000005,,Rejeté,6783.348000000001,4625.01
182,2024-06-10,Client C,Vente de produits,-7915.51,Dépense,USD,0.0,A vérifier,En attente,-8707.061000000002,-5936.6325
183,2024-05-12,Client E,Vente de services,-5906.95,Dépense,CAD,0.0,,Validé,-6497.645,-4430.2125
184,2024-02-24,Client C,Salaires,11257.13,Revenu,USD,4502.852,,Rejeté,12382.843,8442.8475
185,2024-05-29,Client C,Investissement,764.7,Revenu,CAD,305.88000000000005,,Validé,841.1700000000001,573.5250000000001
186,2024-01-06,Client D,Vente de produits,16991.17,Revenu,EUR,6796.468,,Rejeté,18690.287,12743.377499999999
187,2024-02-17,Client D,Charges fixes,13053.23,Revenu,EUR,5221.292,,Validé,14358.553,9789.9225
188,2024-05-07,Client B,Charges fixes,2344.55,Revenu,USD,937.8200000000002,,Validé,2579.0050000000006,1758.4125000000001
189,2024-06-25,Client E,Investissement,-8635.3,Investissement,EUR,0.0,,Rejeté,-9498.83,-6476.474999999999
190,2024-01-19,Client C,Investissement,15933.37,Revenu,CAD,6373.348000000001,,Validé,17526.707000000002,11950.0275
191,2024-06-16,Client D,Vente de produits,-5474.24,Dépense,EUR,0.0,,Validé,-6021.664000000001,-4105.68
192,2024-06-26,Client C,Salaires,-4411.64,Dépense,CAD,0.0,,Rejeté,-4852.804000000001,-3308.7300000000005
193,2024-06-01,Client E,Investissement,-6747.83,Investissement,EUR,0.0,,Validé,-7422.613,-5060.8724999999995
194,2024-02-13,Client A,Salaires,10859.96,Revenu,CAD,4343.9839999999995,,Rejeté,11945.956,8144.969999999999
195,2024-04-13,Client E,Charges fixes,-8453.21,Dépense,EUR,0.0,,Validé,-9298.530999999999,-6339.907499999999
196,2024-01-02,Client E,Salaires,16996.13,Revenu,CAD,6798.452000000001,A vérifier,En attente,18695.743000000002,12747.0975
197,2024-03-14,Client E,Salaires,19075.06,Revenu,USD,7630.024000000001,A vérifier,En attente,20982.566000000003,14306.295000000002
198,2024-03-04,Client E,Vente de services,10659.87,Revenu,CAD,4263.948,A vérifier,En attente,11725.857000000002,7994.9025
199,2024-01-31,Client A,Vente de services,19925.14,Revenu,EUR,7970.0560000000005,,Rejeté,21917.654000000002,14943.855
200,2024-04-23,Client B,Investissement,5642.81,Revenu,CAD,2257.1240000000003,,Rejeté,6207.091000000001,4232.1075
201,2024-02-23,Client A,Vente de produits,-5947.71,Dépense,EUR,0.0,,Rejeté,-6542.481000000001,-4460.7825
202,2024-02-13,Client D,Vente de produits,2206.59,Revenu,USD,882.6360000000001,,Validé,2427.2490000000003,1654.9425
203,2024-05-19,Client C,Investissement,6769.49,Revenu,USD,2707.7960000000003,A vérifier,En attente,7446.439,5077.1175
204,2024-03-12,Client E,Vente de services,7496.99,Revenu,USD,2998.7960000000003,,Rejeté,8246.689,5622.7425
205,2024-04-08,Client B,Vente de produits,14615.93,Revenu,USD,5846.372,,Rejeté,16077.523000000001,10961.9475
206,2024-01-23,Client B,Vente de produits,-8090.86,Dépense,EUR,0.0,A vérifier,En attente,-8899.946,-6068.1449999999995
207,2024-04-18,Client B,Charges fixes,-5456.29,Dépense,EUR,0.0,A vérifier,En attente,-6001.919000000001,-4092.2174999999997
208,2024-06-07,Client E,Vente de produits,17660.91,Revenu,EUR,7064.3640000000005,A vérifier,En attente,19427.001,13245.682499999999
209,2024-03-27,Client A,Charges fixes,3408.25,Revenu,CAD,1363.3000000000002,,Rejeté,3749.0750000000003,2556.1875
210,2024-03-15,Client A,Vente de services,-5922.71,Dépense,CAD,0.0,,Validé,-6514.981000000001,-4442.0325
211,2024-05-07,Client B,Salaires,10154.75,Revenu,EUR,4061.9,,Rejeté,11170.225,7616.0625
212,2024-02-04,Client D,Investissement,-2303.32,Investissement,USD,0.0,,Rejeté,-2533.6520000000005,-1727.4900000000002
213,2024-02-16,Client B,Charges fixes,-1340.54,Dépense,EUR,0.0,,Rejeté,-1474.594,-1005.405
214,2024-02-03,Client C,Vente de services,-4330.53,Dépense,CAD,0.0,,Validé,-4763.5830000000005,-3247.8975
215,2024-02-19,Client E,Salaires,17701.47,Revenu,CAD,7080.588000000001,,Rejeté,19471.617000000002,13276.1025
216,2024-04-06,Client B,Charges fixes,12557.0,Revenu,CAD,5022.8,,Validé,13812.7,9417.75
217,2024-04-30,Client B,Investissement,4537.99,Revenu,CAD,1815.196,A vérifier,En attente,4991.789,3403.4925
218,2024-01-14,Client D,Vente de produits,8188.66,Revenu,USD,3275.464,,Rejeté,9007.526,6141.495
219,2024-03-26,Client D,Investissement,1120.96,Revenu,USD,448.384,,Rejeté,1233.056,840.72
220,2024-04-28,Client B,Vente de produits,19172.99,Revenu,CAD,7669.196000000001,,Rejeté,21090.289000000004,14379.7425
221,2024-05-01,Client C,Vente de services,-8814.78,Dépense,USD,0.0,,Validé,-9696.258000000002,-6611.085000000001
222,2024-02-22,Client D,Vente de produits,1705.02,Revenu,EUR,682.008,,Validé,1875.5220000000002,1278.7649999999999
223,2024-04-01,Client D,Salaires,-6650.98,Dépense,CAD,0.0,A vérifier,En attente,-7316.078,-4988.235
224,2024-05-05,Client D,Vente de produits,-5241.17,Dépense,USD,0.0,,Validé,-5765.287,-3930.8775
225,2024-02-16,Client B,Vente de produits,1820.06,Revenu,USD,728.024,,Validé,2002.066,1365.045
226,2024-02-15,Client E,Salaires,17539.33,Revenu,USD,7015.732000000001,A vérifier,En attente,19293.263000000003,13154.497500000001
227,2024-02-24,Client B,Salaires,13301.63,Revenu,CAD,5320.652,A vérifier,En attente,14631.793,9976.2225
228,2024-04-17,Client E,Salaires,9409.39,Revenu,USD,3763.756,A vérifier,En attente,10350.329,7057.0425
229,2024-04-17,Client E,Vente de services,18538.37,Revenu,USD,7415.348,,Rejeté,20392.207000000002,13903.7775
230,2024-03-09,Client C,Charges fixes,10600.28,Revenu,USD,4240.112,,Validé,11660.308,7950.210000000001
231,2024-02-01,Client D,Vente de services,2825.72,Revenu,EUR,1130.288,,Validé,3108.292,2119.29
232,2024-06-04,Client E,Charges fixes,4335.63,Revenu,USD,1734.2520000000002,,Rejeté,4769.193,3251.7225
233,2024-02-28,Client D,Investissement,8736.57,Revenu,CAD,3494.628,A vérifier,En attente,9610.227,6552.4275
234,2024-04-12,Client A,Investissement,12130.12,Revenu,USD,4852.048000000001,,Validé,13343.132000000001,9097.59
235,2024-01-13,Client D,Charges fixes,-1098.03,Dépense,USD,0.0,,Rejeté,-1207.833,-823.5225
236,2024-06-01,Client D,Vente de produits,10302.72,Revenu,CAD,4121.088,,Validé,11332.992,7727.039999999999
237,2024-02-19,Client B,Investissement,-6559.85,Investissement,EUR,0.0,,Validé,-7215.835000000001,-4919.887500000001
238,2024-06-14,Client A,Charges fixes,15744.58,Revenu,USD,6297.832,,Validé,17319.038,11808.435
239,2024-04-26,Client A,Vente de services,3492.17,Revenu,CAD,1396.8680000000002,,Validé,3841.387,2619.1275
240,2024-04-06,Client C,Charges fixes,-7645.84,Dépense,CAD,0.0,A vérifier,En attente,-8410.424,-5734.38
241,2024-04-04,Client C,Salaires,2946.51,Revenu,CAD,1178.604,,Validé,3241.1610000000005,2209.8825
242,2024-03-30,Client A,Investissement,2787.59,Revenu,CAD,1115.036,A vérifier,En attente,3066.3490000000006,2090.6925
243,2024-06-29,Client C,Vente de services,16182.3,Revenu,EUR,6472.92,A vérifier,En attente,17800.53,12136.724999999999
244,2024-06-26,Client C,Investissement,15650.73,Revenu,USD,6260.292,,Validé,17215.803,11738.0475
245,2024-05-16,Client A,Salaires,5004.01,Revenu,EUR,2001.6040000000003,,Rejeté,5504.411000000001,3753.0075
246,2024-01-15,Client D,Charges fixes,11414.82,Revenu,USD,4565.928,,Validé,12556.302000000001,8561.115
247,2024-01-10,Client B,Charges fixes,-5603.51,Dépense,CAD,0.0,,Validé,-6163.861000000001,-4202.6325
248,2024-03-30,Client A,Vente de services,9903.07,Revenu,USD,3961.228,,Validé,10893.377,7427.3025
249,2024-01-04,Client B,Charges fixes,-1031.95,Dépense,USD,0.0,A vérifier,En attente,-1135.1450000000002,-773.9625000000001
250,2024-06-11,Client C,Charges fixes,500.22,Revenu,USD,200.08800000000002,,Rejeté,550.2420000000001,375.165
251,2024-03-04,Client A,Vente de produits,12937.63,Revenu,CAD,5175.052,,Rejeté,14231.393,9703.2225
252,2024-06-14,Client B,Investissement,2982.38,Revenu,USD,1192.952,,Rejeté,3280.6180000000004,2236.785
253,2024-01-18,Client E,Investissement,-1898.07,Investissement,EUR,0.0,,Rejeté,-2087.877,-1423.5525
254,2024-06-26,Client B,Charges fixes,-6244.47,Dépense,CAD,0.0,,Rejeté,-6868.917000000001,-4683.3525
255,2024-04-16,Client E,Vente de services,14993.77,Revenu,EUR,5997.508000000001,,Rejeté,16493.147,11245.3275
256,2024-04-05,Client D,Vente de produits,-8899.56,Dépense,USD,0.0,A vérifier,En attente,-9789.516,-6674.67
257,2024-02-02,Client D,Salaires,-9887.66,Dépense,USD,0.0,,Rejeté,-10876.426000000001,-7415.745
258,2024-02-16,Client D,Charges fixes,10812.03,Revenu,EUR,4324.812000000001,A vérifier,En attente,11893.233000000002,8109.022500000001
259,2024-05-22,Client D,Salaires,17835.23,Revenu,CAD,7134.092000000001,,Validé,19618.753,13376.4225
260,2024-05-11,Client E,Salaires,10649.36,Revenu,CAD,4259.744000000001,A vérifier,En attente,11714.296000000002,7987.02
261,2024-01-31,Client B,Salaires,1802.78,Revenu,USD,721.1120000000001,,Rejeté,1983.0580000000002,1352.085
262,2024-04-28,Client A,Salaires,19550.62,Revenu,CAD,7820.248,,Validé,21505.682,14662.965
263,2024-04-29,Client D,Vente de services,11155.04,Revenu,CAD,4462.0160000000005,,Rejeté,12270.544000000002,8366.28
264,2024-06-19,Client C,Vente de services,2173.71,Revenu,USD,869.484,,Rejeté,2391.081,1630.2825
265,2024-01-13,Client C,Salaires,8576.19,Revenu,USD,3430.4760000000006,,Rejeté,9433.809000000001,6432.1425
266,2024-03-30,Client A,Vente de produits,18547.48,Revenu,CAD,7418.992,,Rejeté,20402.228000000003,13910.61
267,2024-05-09,Client A,Salaires,13876.37,Revenu,CAD,5550.548000000001,A vérifier,En attente,15264.007000000001,10407.2775
268,2024-03-07,Client C,Investissement,12234.06,Revenu,USD,4893.624,,Rejeté,13457.466,9175.545
269,2024-01-07,Client A,Investissement,-2722.83,Investissement,EUR,0.0,A vérifier,En attente,-2995.1130000000003,-2042.1225
270,2024-03-22,Client A,Charges fixes,9812.41,Revenu,USD,3924.964,,Rejeté,10793.651,7359.3075
271,2024-06-15,Client A,Investissement,-904.05,Investissement,EUR,0.0,A vérifier,En attente,-994.455,-678.0374999999999
272,2024-05-01,Client B,Salaires,-8548.94,Dépense,CAD,0.0,,Validé,-9403.834,-6411.705
273,2024-03-18,Client C,Vente de services,8541.03,Revenu,EUR,3416.4120000000003,A vérifier,En attente,9395.133000000002,6405.772500000001
274,2024-04-13,Client E,Salaires,17130.42,Revenu,CAD,6852.168,,Validé,18843.462,12847.814999999999
275,2024-04-12,Client C,Investissement,653.16,Revenu,EUR,261.264,,Rejeté,718.476,489.87
276,2024-04-10,Client B,Vente de services,869.1,Revenu,CAD,347.64000000000004,,Rejeté,956.0100000000001,651.825
277,2024-06-04,Client E,Vente de services,13646.86,Revenu,CAD,5458.744000000001,,Rejeté,15011.546000000002,10235.145
278,2024-04-17,Client C,Investissement,9413.29,Revenu,CAD,3765.3160000000007,,Rejeté,10354.619000000002,7059.967500000001
279,2024-06-12,Client B,Charges fixes,574.86,Revenu,CAD,229.94400000000002,,Validé,632.3460000000001,431.145
280,2024-04-15,Client B,Charges fixes,-5087.69,Dépense,EUR,0.0,A vérifier,En attente,-5596.459,-3815.7675
281,2024-02-05,Client A,Charges fixes,3829.24,Revenu,CAD,1531.696,,Rejeté,4212.164,2871.93
282,2024-01-10,Client E,Investissement,17703.66,Revenu,USD,7081.464,,Rejeté,19474.026,13277.744999999999
283,2024-03-18,Client B,Vente de produits,8291.67,Revenu,EUR,3316.668,,Validé,9120.837000000001,6218.7525000000005
284,2024-01-01,Client B,Investissement,19412.64,Revenu,EUR,7765.0560000000005,,Rejeté,21353.904000000002,14559.48
285,2024-02-27,Client B,Charges fixes,-7962.86,Dépense,EUR,0.0,,Rejeté,-8759.146,-5972.1449999999995
286,2024-06-22,Client D,Investissement,2708.46,Revenu,EUR,1083.384,,Rejeté,2979.3060000000005,2031.345
287,2024-06-03,Client E,Investissement,-1135.87,Investissement,EUR,0.0,A vérifier,En attente,-1249.4569999999999,-851.9024999999999
288,2024-05-07,Client B,Investissement,6284.8,Revenu,EUR,2513.92,A vérifier,En attente,6913.280000000001,4713.6
289,2024-02-25,Client C,Salaires,-266.02,Dépense,CAD,0.0,,Validé,-292.622,-199.515
290,2024-01-05,Client D,Charges fixes,8507.33,Revenu,CAD,3402.9320000000002,,Rejeté,9358.063,6380.4974999999995
291,2024-04-03,Client E,Vente de produits,-641.49,Dépense,USD,0.0,,Validé,-705.6390000000001,-481.1175
292,2024-04-22,Client C,Vente de produits,14721.88,Revenu,CAD,5888.752,A vérifier,En attente,16194.068000000001,11041.41
293,2024-05-13,Client C,Salaires,6960.18,Revenu,CAD,2784.072,,Rejeté,7656.198000000001,5220.135
294,2024-05-24,Client A,Vente de services,19443.6,Revenu,USD,7777.44,,Validé,21387.96,14582.699999999999
295,2024-06-08,Client D,Vente de services,-8279.23,Dépense,CAD,0.0,,Rejeté,-9107.153,-6209.4225
296,2024-05-15,Client B,Charges fixes,16270.82,Revenu,USD,6508.328,A vérifier,En attente,17897.902000000002,12203.115
297,2024-02-06,Client B,Investissement,11989.58,Revenu,CAD,4795.832,,Validé,13188.538,8992.185
298,2024-05-21,Client B,Salaires,3304.63,Revenu,EUR,1321.852,A vérifier,En attente,3635.0930000000003,2478.4725
299,2024-06-25,Client E,Vente de services,-2446.63,Dépense,CAD,0.0,A vérifier,En attente,-2691.293,-1834.9725
300,2024-01-20,Client C,Salaires,2409.4,Revenu,CAD,963.7600000000001,,Validé,2650.34,1807.0500000000002
301,2024-06-20,Client B,Salaires,7217.67,Revenu,USD,2887.068,,Rejeté,7939.437000000001,5413.2525000000005
302,2024-02-15,Client D,Salaires,14882.3,Revenu,CAD,5952.92,,Validé,16370.53,11161.724999999999
303,2024-06-09,Client B,Vente de services,-9837.4,Dépense,CAD,0.0,A vérifier,En attente,-10821.140000000001,-7378.049999999999
304,2024-01-19,Client B,Vente de services,-8706.6,Dépense,EUR,0.0,,Rejeté,-9577.260000000002,-6529.950000000001
305,2024-04-02,Client E,Vente de services,1447.28,Revenu,CAD,578.912,,Rejeté,1592.008,1085.46
306,2024-05-01,Client E,Salaires,18516.58,Revenu,CAD,7406.632000000001,A vérifier,En attente,20368.238000000005,13887.435000000001
307,2024-01-16,Client E,Salaires,1217.09,Revenu,USD,486.836,A vérifier,En attente,1338.799,912.8174999999999
308,2024-06-28,Client B,Vente de services,874.0,Revenu,EUR,349.6,,Rejeté,961.4000000000001,655.5
309,2024-02-11,Client C,Charges fixes,2500.84,Revenu,CAD,1000.3360000000001,A vérifier,En attente,2750.9240000000004,1875.63
310,2024-01-20,Client B,Salaires,16857.94,Revenu,USD,6743.1759999999995,,Validé,18543.734,12643.454999999998
311,2024-06-23,Client D,Charges fixes,9296.49,Revenu,CAD,3718.596,,Validé,10226.139000000001,6972.3675
312,2024-06-04,Client A,Charges fixes,-3963.5,Dépense,CAD,0.0,,Rejeté,-4359.85,-2972.625
313,2024-06-28,Client A,Vente de services,5064.0,Revenu,EUR,2025.6000000000001,,Rejeté,5570.400000000001,3798.0
314,2024-06-04,Client C,Investissement,-4638.33,Investissement,EUR,0.0,,Validé,-5102.1630000000005,-3478.7475
315,2024-04-11,Client B,Vente de produits,-9428.11,Dépense,USD,0.0,,Rejeté,-10370.921000000002,-7071.0825
316,2024-02-15,Client B,Salaires,-4036.4,Dépense,CAD,0.0,,Validé,-4440.040000000001,-3027.3
317,2024-06-29,Client E,Vente de produits,18694.37,Revenu,CAD,7477.748,A vérifier,En attente,20563.807,14020.7775
318,2024-06-03,Client C,Salaires,-8681.66,Dépense,CAD,0.0,A vérifier,En attente,-9549.826000000001,-6511.245
319,2024-04-26,Client A,Vente de produits,7708.87,Revenu,EUR,3083.5480000000002,,Validé,8479.757000000001,5781.6525
320,2024-01-17,Client C,Vente de services,-1927.2,Dépense,EUR,0.0,,Validé,-2119.92,-1445.4
321,2024-04-14,Client E,Charges fixes,18014.46,Revenu,EUR,7205.784,A vérifier,En attente,19815.906,13510.845
322,2024-04-26,Client C,Vente de produits,12663.83,Revenu,EUR,5065.532,,Rejeté,13930.213000000002,9497.8725
323,2024-06-29,Client E,Vente de services,19005.68,Revenu,CAD,7602.272000000001,A vérifier,En attente,20906.248000000003,14254.26
324,2024-05-22,Client A,Investissement,-4458.91,Investissement,CAD,0.0,A vérifier,En attente,-4904.801,-3344.1825
325,2024-06-18,Client B,Charges fixes,6393.1,Revenu,EUR,2557.2400000000002,A vérifier,En attente,7032.410000000001,4794.825000000001
326,2024-01-17,Client A,Vente de produits,16124.65,Revenu,EUR,6449.860000000001,A vérifier,En attente,17737.115,12093.4875
327,2024-02-16,Client E,Vente de produits,14007.79,Revenu,USD,5603.116000000001,,Rejeté,15408.569000000001,10505.8425
328,2024-06-02,Client E,Salaires,-8029.2,Dépense,USD,0.0,A vérifier,En attente,-8832.12,-6021.9
329,2024-01-01,Client C,Charges fixes,12722.51,Revenu,USD,5089.004000000001,,Rejeté,13994.761000000002,9541.8825
330,2024-03-09,Client C,Vente de produits,670.01,Revenu,CAD,268.004,A vérifier,En attente,737.0110000000001,502.5075
331,2024-05-02,Client E,Salaires,16103.51,Revenu,EUR,6441.404,,Rejeté,17713.861,12077.6325
332,2024-04-01,Client A,Salaires,13085.28,Revenu,EUR,5234.112000000001,,Rejeté,14393.808000000003,9813.960000000001
333,2024-06-05,Client D,Vente de services,18542.14,Revenu,EUR,7416.856,A vérifier,En attente,20396.354,13906.605
334,2024-01-31,Client E,Salaires,19282.96,Revenu,USD,7713.184,,Validé,21211.256,14462.22
335,2024-01-06,Client E,Vente de services,7867.0,Revenu,CAD,3146.8,,Rejeté,8653.7,5900.25
336,2024-06-08,Client A,Investissement,3239.64,Revenu,CAD,1295.856,A vérifier,En attente,3563.6040000000003,2429.73
337,2024-01-15,Client A,Salaires,-4337.92,Dépense,EUR,0.0,,Validé,-4771.712,-3253.44
338,2024-01-26,Client D,Investissement,4430.07,Revenu,USD,1772.028,,Validé,4873.077,3322.5525
339,2024-05-12,Client B,Charges fixes,19510.64,Revenu,EUR,7804.256,,Rejeté,21461.704,14632.98
340,2024-02-15,Client E,Salaires,-3074.54,Dépense,CAD,0.0,,Validé,-3381.994,-2305.9049999999997
341,2024-01-22,Client A,Vente de services,-1987.16,Dépense,EUR,0.0,A vérifier,En attente,-2185.876,-1490.3700000000001
342,2024-01-21,Client A,Charges fixes,16.99,Revenu,EUR,6.795999999999999,,Validé,18.689,12.7425
343,2024-05-27,Client D,Charges fixes,4965.06,Revenu,USD,1986.0240000000003,A vérifier,En attente,5461.566000000001,3723.795
344,2024-03-13,Client E,Investissement,8803.49,Revenu,USD,3521.396,,Validé,9683.839,6602.6175
345,2024-02-22,Client B,Vente de services,18555.3,Revenu,EUR,7422.12,,Validé,20410.83,13916.474999999999
346,2024-06-03,Client A,Vente de produits,4782.98,Revenu,USD,1913.192,A vérifier,En attente,5261.278,3587.2349999999997
347,2024-02-05,Client A,Salaires,13803.89,Revenu,CAD,5521.5560000000005,,Rejeté,15184.279,10352.9175
348,2024-06-17,Client E,Charges fixes,10259.25,Revenu,EUR,4103.7,,Validé,11285.175000000001,7694.4375
349,2024-05-18,Client C,Vente de services,3648.57,Revenu,USD,1459.428,,Rejeté,4013.4270000000006,2736.4275000000002
350,2024-01-26,Client B,Investissement,6831.87,Revenu,CAD,2732.748,A vérifier,En attente,7515.057000000001,5123.9025
351,2024-06-18,Client B,Vente de produits,-2323.64,Dépense,EUR,0.0,,Rejeté,-2556.004,-1742.73
352,2024-06-12,Client B,Investissement,-3404.34,Investissement,EUR,0.0,A vérifier,En attente,-3744.7740000000003,-2553.255
353,2024-05-01,Client A,Vente de services,10521.61,Revenu,USD,4208.644,A vérifier,En attente,11573.771000000002,7891.2075
354,2024-04-02,Client C,Vente de produits,7405.8,Revenu,CAD,2962.32,A vérifier,En attente,8146.380000000001,5554.35
355,2024-06-24,Client D,Vente de services,-4887.8,Dépense,USD,0.0,,Validé,-5376.580000000001,-3665.8500000000004
356,2024-06-06,Client D,Vente de produits,11237.02,Revenu,EUR,4494.808,,Validé,12360.722000000002,8427.765
357,2024-01-02,Client A,Vente de services,13026.67,Revenu,USD,5210.668000000001,A vérifier,En attente,14329.337000000001,9770.0025
358,2024-03-02,Client C,Charges fixes,-3919.07,Dépense,USD,0.0,,Rejeté,-4310.977000000001,-2939.3025000000002
359,2024-03-23,Client A,Vente de produits,14221.26,Revenu,CAD,5688.504000000001,,Rejeté,15643.386000000002,10665.945
360,2024-02-16,Client E,Vente de produits,-7688.12,Dépense,CAD,0.0,A vérifier,En attente,-8456.932,-5766.09
361,2024-01-04,Client C,Charges fixes,11637.76,Revenu,EUR,4655.104,A vérifier,En attente,12801.536000000002,8728.32
362,2024-04-30,Client A,Charges fixes,2467.93,Revenu,USD,987.172,A vérifier,En attente,2714.723,1850.9474999999998
363,2024-03-31,Client C,Salaires,17266.44,Revenu,EUR,6906.576,,Rejeté,18993.084,12949.829999999998
364,2024-02-20,Client B,Salaires,12632.24,Revenu,EUR,5052.896000000001,A vérifier,En attente,13895.464000000002,9474.18
365,2024-02-10,Client C,Salaires,10315.18,Revenu,EUR,4126.072,,Validé,11346.698000000002,7736.385
366,2024-05-05,Client D,Vente de services,18348.87,Revenu,CAD,7339.548,A vérifier,En attente,20183.757,13761.6525
367,2024-06-10,Client A,Charges fixes,-2358.09,Dépense,CAD,0.0,,Validé,-2593.8990000000003,-1768.5675
368,2024-06-19,Client E,Vente de services,-3042.98,Dépense,EUR,0.0,,Validé,-3347.2780000000002,-2282.235
369,2024-01-09,Client E,Charges fixes,-9032.43,Dépense,USD,0.0,,Validé,-9935.673,-6774.3225
370,2024-03-18,Client E,Salaires,11279.66,Revenu,USD,4511.8640000000005,A vérifier,En attente,12407.626,8459.744999999999
371,2024-01-12,Client E,Salaires,9484.53,Revenu,EUR,3793.8120000000004,,Validé,10432.983000000002,7113.397500000001
372,2024-01-24,Client A,Charges fixes,11586.14,Revenu,EUR,4634.456,,Validé,12744.754,8689.605
373,2024-04-08,Client E,Charges fixes,5191.92,Revenu,EUR,2076.768,,Rejeté,5711.112000000001,3893.94
374,2024-01-07,Client D,Vente de produits,18936.28,Revenu,EUR,7574.512,A vérifier,En attente,20829.908,14202.21
375,2024-01-11,Client B,Charges fixes,-6857.89,Dépense,USD,0.0,,Validé,-7543.679000000001,-5143.4175000000005
376,2024-02-22,Client B,Investissement,16168.13,Revenu,EUR,6467.252,,Rejeté,17784.943,12126.0975
377,2024-05-27,Client E,Investissement,18903.29,Revenu,CAD,7561.316000000001,A vérifier,En attente,20793.619000000002,14177.4675
378,2024-02-17,Client E,Charges fixes,12756.8,Revenu,CAD,5102.72,,Validé,14032.48,9567.599999999999
379,2024-06-07,Client C,Vente de services,1287.39,Revenu,CAD,514.956,A vérifier,En attente,1416.1290000000001,965.5425
380,2024-04-27,Client C,Charges fixes,11217.84,Revenu,CAD,4487.136,A vérifier,En attente,12339.624000000002,8413.380000000001
381,2024-04-15,Client E,Salaires,-220.63,Dépense,EUR,0.0,,Validé,-242.693,-165.4725
382,2024-02-29,Client A,Vente de services,14471.87,Revenu,USD,5788.7480000000005,,Rejeté,15919.057000000003,10853.9025
383,2024-01-30,Client D,Vente de produits,12601.46,Revenu,CAD,5040.584,,Rejeté,13861.606,9451.095
384,2024-02-21,Client E,Salaires,4722.11,Revenu,EUR,1888.844,,Validé,5194.321,3541.5824999999995
385,2024-03-24,Client B,Salaires,-4116.97,Dépense,EUR,0.0,,Rejeté,-4528.667,-3087.7275
386,2024-05-25,Client C,Salaires,15840.64,Revenu,USD,6336.256,,Validé,17424.704,11880.48
387,2024-01-10,Client C,Vente de services,16303.92,Revenu,CAD,6521.568,A vérifier,En attente,17934.312,12227.94
388,2024-05-19,Client B,Charges fixes,-1111.84,Dépense,CAD,0.0,,Rejeté,-1223.0240000000001,-833.8799999999999
389,2024-03-30,Client C,Salaires,13534.52,Revenu,USD,5413.808000000001,,Rejeté,14887.972000000002,10150.89
390,2024-03-14,Client D,Vente de produits,-6379.08,Dépense,CAD,0.0,A vérifier,En attente,-7016.988,-4784.3099999999995
391,2024-02-20,Client B,Investissement,13849.84,Revenu,CAD,5539.936000000001,A vérifier,En attente,15234.824,10387.380000000001
392,2024-02-08,Client E,Investissement,10542.8,Revenu,CAD,4217.12,,Validé,11597.08,7907.099999999999
393,2024-05-05,Client B,Charges fixes,9682.92,Revenu,EUR,3873.168,,Validé,10651.212000000001,7262.1900000000005
394,2024-03-05,Client B,Salaires,-1333.31,Dépense,USD,0.0,A vérifier,En attente,-1466.641,-999.9825
395,2024-02-15,Client D,Salaires,16930.86,Revenu,EUR,6772.344000000001,,Validé,18623.946000000004,12698.145
396,2024-03-11,Client C,Charges fixes,-4244.89,Dépense,EUR,0.0,A vérifier,En attente,-4669.379000000001,-3183.6675000000005
397,2024-03-30,Client B,Vente de produits,7527.65,Revenu,CAD,3011.06,,Validé,8280.415,5645.737499999999
398,2024-04-30,Client D,Vente de services,-4702.64,Dépense,CAD,0.0,A vérifier,En attente,-5172.904,-3526.9800000000005
399,2024-02-28,Client D,Vente de produits,-8408.15,Dépense,EUR,0.0,,Validé,-9248.965,-6306.112499999999
400,2024-03-29,Client A,Vente de produits,3682.51,Revenu,CAD,1473.0040000000001,,Validé,4050.7610000000004,2761.8825
401,2024-06-03,Client A,Charges fixes,8348.93,Revenu,CAD,3339.572,A vérifier,En attente,9183.823,6261.6975
402,2024-06-20,Client C,Charges fixes,16424.33,Revenu,EUR,6569.732000000001,,Validé,18066.763000000003,12318.247500000001
403,2024-01-10,Client D,Charges fixes,10515.68,Revenu,EUR,4206.272,,Validé,11567.248000000001,7886.76
404,2024-06-22,Client D,Vente de services,19658.9,Revenu,USD,7863.560000000001,,Rejeté,21624.790000000005,14744.175000000001
405,2024-06-09,Client E,Vente de produits,12936.38,Revenu,USD,5174.552,,Validé,14230.018,9702.285
406,2024-05-19,Client D,Charges fixes,-2988.42,Dépense,EUR,0.0,,Rejeté,-3287.262,-2241.315
407,2024-03-17,Client C,Vente de produits,10786.34,Revenu,CAD,4314.536,,Rejeté,11864.974000000002,8089.755
408,2024-03-09,Client C,Investissement,5685.94,Revenu,USD,2274.3759999999997,,Validé,6254.534,4264.455
409,2024-01-06,Client E,Charges fixes,12881.16,Revenu,CAD,5152.464,A vérifier,En attente,14169.276000000002,9660.869999999999
410,2024-02-16,Client C,Vente de services,12212.53,Revenu,EUR,4885.012000000001,,Validé,13433.783000000001,9159.397500000001
411,2024-01-24,Client A,Salaires,-2774.44,Dépense,USD,0.0,,Validé,-3051.8840000000005,-2080.83
412,2024-01-01,Client C,Salaires,18612.53,Revenu,USD,7445.012,A vérifier,En attente,20473.783,13959.3975
413,2024-02-18,Client A,Salaires,-3157.24,Dépense,EUR,0.0,,Rejeté,-3472.964,-2367.93
414,2024-01-31,Client C,Vente de produits,-2936.62,Dépense,EUR,0.0,A vérifier,En attente,-3230.282,-2202.465
415,2024-05-02,Client A,Salaires,-8320.18,Dépense,USD,0.0,,Validé,-9152.198,-6240.135
416,2024-04-05,Client D,Vente de produits,-5280.34,Dépense,EUR,0.0,,Rejeté,-5808.374000000001,-3960.255
417,2024-01-19,Client C,Vente de services,9966.72,Revenu,CAD,3986.688,,Validé,10963.392,7475.039999999999
418,2024-03-21,Client C,Vente de services,-7428.62,Dépense,EUR,0.0,A vérifier,En attente,-8171.482000000001,-5571.465
419,2024-03-16,Client E,Investissement,-2770.96,Investissement,CAD,0.0,,Rejeté,-3048.0560000000005,-2078.2200000000003
420,2024-01-23,Client A,Vente de services,8366.19,Revenu,USD,3346.4760000000006,,Validé,9202.809000000001,6274.6425
421,2024-03-28,Client E,Charges fixes,-9117.74,Dépense,EUR,0.0,,Validé,-10029.514000000001,-6838.305
422,2024-06-05,Client B,Vente de services,11734.8,Revenu,USD,4693.92,,Rejeté,12908.28,8801.099999999999
423,2024-06-25,Client A,Salaires,1541.85,Revenu,USD,616.74,,Validé,1696.035,1156.3874999999998
424,2024-04-09,Client E,Investissement,-6861.28,Investissement,CAD,0.0,A vérifier,En attente,-7547.408,-5145.96
425,2024-02-28,Client B,Vente de services,5198.81,Revenu,USD,2079.5240000000003,,Rejeté,5718.691000000001,3899.1075
426,2024-06-20,Client C,Salaires,19579.2,Revenu,USD,7831.68,,Validé,21537.120000000003,14684.400000000001
427,2024-06-26,Client E,Charges fixes,13582.97,Revenu,USD,5433.188,,Validé,14941.267,10187.227499999999
428,2024-02-07,Client A,Vente de produits,-8456.64,Dépense,USD,0.0,,Validé,-9302.304,-6342.48
429,2024-02-15,Client C,Vente de produits,2980.67,Revenu,EUR,1192.268,,Rejeté,3278.7370000000005,2235.5025
430,2024-02-24,Client C,Vente de produits,-5626.55,Dépense,EUR,0.0,,Rejeté,-6189.205000000001,-4219.9125
431,2024-03-20,Client E,Investissement,-4137.13,Investissement,CAD,0.0,A vérifier,En attente,-4550.843000000001,-3102.8475
432,2024-04-21,Client D,Salaires,-8754.55,Dépense,USD,0.0,A vérifier,En attente,-9630.005,-6565.912499999999
433,2024-01-02,Client E,Charges fixes,10698.83,Revenu,EUR,4279.532,A vérifier,En attente,11768.713000000002,8024.1224999999995
434,2024-05-20,Client C,Charges fixes,19599.45,Revenu,CAD,7839.780000000001,,Validé,21559.395000000004,14699.587500000001
435,2024-06-20,Client E,Salaires,14084.58,Revenu,USD,5633.832,,Rejeté,15493.038,10563.435
436,2024-04-23,Client C,Charges fixes,8498.74,Revenu,CAD,3399.496,A vérifier,En attente,9348.614000000001,6374.055
437,2024-06-13,Client C,Salaires,13190.11,Revenu,USD,5276.044000000001,,Rejeté,14509.121000000001,9892.5825
438,2024-01-15,Client C,Vente de produits,18824.24,Revenu,EUR,7529.696000000001,,Validé,20706.664000000004,14118.18
439,2024-05-13,Client A,Vente de services,8988.07,Revenu,CAD,3595.228,A vérifier,En attente,9886.877,6741.0525
440,2024-01-23,Client E,Vente de services,-3695.48,Dépense,CAD,0.0,,Rejeté,-4065.0280000000002,-2771.61
441,2024-03-08,Client E,Salaires,27.5,Revenu,USD,11.0,A vérifier,En attente,30.250000000000004,20.625
442,2024-01-14,Client B,Salaires,7434.07,Revenu,EUR,2973.628,A vérifier,En attente,8177.477000000001,5575.5525
443,2024-06-10,Client C,Salaires,1001.66,Revenu,EUR,400.664,,Rejeté,1101.826,751.245
444,2024-04-29,Client C,Salaires,11318.25,Revenu,USD,4527.3,,Rejeté,12450.075,8488.6875
445,2024-03-19,Client A,Vente de services,13528.59,Revenu,USD,5411.436000000001,,Validé,14881.449,10146.442500000001
446,2024-04-17,Client B,Investissement,-4338.36,Investissement,EUR,0.0,,Validé,-4772.196,-3253.7699999999995
447,2024-02-11,Client C,Vente de services,17270.68,Revenu,EUR,6908.272000000001,,Validé,18997.748000000003,12953.01
448,2024-04-19,Client B,Investissement,5963.93,Revenu,CAD,2385.572,,Rejeté,6560.323000000001,4472.9475
449,2024-06-15,Client C,Investissement,16312.42,Revenu,USD,6524.968000000001,,Validé,17943.662,12234.315
450,2024-04-23,Client C,Charges fixes,-8816.28,Dépense,USD,0.0,,Validé,-9697.908000000001,-6612.210000000001
451,2024-06-23,Client A,Vente de services,-4317.12,Dépense,USD,0.0,,Rejeté,-4748.832,-3237.84
452,2024-02-24,Client B,Charges fixes,-7707.2,Dépense,CAD,0.0,,Validé,-8477.92,-5780.4
453,2024-01-12,Client E,Salaires,2488.08,Revenu,CAD,995.232,,Rejeté,2736.888,1866.06
454,2024-02-26,Client E,Investissement,15555.95,Revenu,USD,6222.380000000001,,Rejeté,17111.545000000002,11666.962500000001
455,2024-05-24,Client D,Vente de produits,-4261.7,Dépense,USD,0.0,,Validé,-4687.87,-3196.2749999999996
456,2024-05-19,Client C,Charges fixes,16695.14,Revenu,CAD,6678.0560000000005,A vérifier,En attente,18364.654000000002,12521.355
457,2024-06-05,Client C,Vente de produits,18887.61,Revenu,USD,7555.044000000001,,Validé,20776.371000000003,14165.7075
458,2024-05-12,Client B,Investissement,13950.18,Revenu,EUR,5580.072,,Validé,15345.198000000002,10462.635
459,2024-04-04,Client C,Salaires,18121.32,Revenu,USD,7248.528,,Rejeté,19933.452,13590.99
460,2024-05-11,Client D,Investissement,-8762.85,Investissement,EUR,0.0,,Validé,-9639.135000000002,-6572.137500000001
461,2024-04-30,Client D,Charges fixes,7621.4,Revenu,EUR,3048.56,,Validé,8383.54,5716.049999999999
462,2024-06-27,Client B,Vente de services,15325.27,Revenu,EUR,6130.108,,Validé,16857.797000000002,11493.9525
463,2024-06-14,Client B,Vente de services,462.67,Revenu,USD,185.068,A vérifier,En attente,508.93700000000007,347.0025
464,2024-03-11,Client C,Vente de produits,11724.4,Revenu,USD,4689.76,,Rejeté,12896.84,8793.3
465,2024-01-23,Client E,Vente de produits,-7354.86,Dépense,CAD,0.0,,Rejeté,-8090.3460000000005,-5516.1449999999995
466,2024-04-15,Client C,Charges fixes,7916.93,Revenu,EUR,3166.7720000000004,A vérifier,En attente,8708.623000000001,5937.6975
467,2024-01-23,Client E,Salaires,-6601.67,Dépense,USD,0.0,,Validé,-7261.837,-4951.2525000000005
468,2024-03-04,Client B,Charges fixes,4541.16,Revenu,USD,1816.464,,Validé,4995.276,3405.87
469,2024-04-04,Client A,Vente de services,9076.34,Revenu,EUR,3630.536,,Validé,9983.974,6807.255
470,2024-03-20,Client E,Vente de services,8522.42,Revenu,EUR,3408.9680000000003,,Rejeté,9374.662,6391.8150000000005
471,2024-06-09,Client D,Vente de produits,4176.36,Revenu,CAD,1670.5439999999999,,Validé,4593.996,3132.2699999999995
472,2024-06-12,Client C,Salaires,577.02,Revenu,EUR,230.808,,Rejeté,634.722,432.765
473,2024-01-26,Client A,Investissement,2418.11,Revenu,USD,967.2440000000001,A vérifier,En attente,2659.9210000000003,1813.5825
474,2024-02-16,Client D,Investissement,-6430.06,Investissement,CAD,0.0,,Validé,-7073.066000000001,-4822.545
475,2024-03-29,Client D,Salaires,12559.53,Revenu,USD,5023.812000000001,,Validé,13815.483000000002,9419.647500000001
476,2024-06-08,Client A,Vente de services,17147.55,Revenu,EUR,6859.02,,Validé,18862.305,12860.662499999999
477,2024-06-28,Client C,Investissement,2907.63,Revenu,CAD,1163.0520000000001,A vérifier,En attente,3198.3930000000005,2180.7225
478,2024-05-14,Client C,Investissement,-3960.66,Investissement,CAD,0.0,,Rejeté,-4356.726000000001,-2970.495
479,2024-03-12,Client A,Charges fixes,-9072.59,Dépense,EUR,0.0,,Rejeté,-9979.849,-6804.4425
480,2024-01-30,Client D,Investissement,3664.98,Revenu,USD,1465.9920000000002,A vérifier,En attente,4031.4780000000005,2748.735
481,2024-05-18,Client B,Salaires,-6546.8,Dépense,CAD,0.0,A vérifier,En attente,-7201.4800000000005,-4910.1
482,2024-03-30,Client C,Salaires,-1604.67,Dépense,EUR,0.0,,Validé,-1765.1370000000002,-1203.5025
483,2024-05-16,Client D,Vente de services,-7201.9,Dépense,EUR,0.0,,Validé,-7922.09,-5401.424999999999
484,2024-06-28,Client C,Vente de produits,15096.63,Revenu,USD,6038.652,A vérifier,En attente,16606.293,11322.4725
485,2024-06-25,Client A,Vente de produits,3874.88,Revenu,CAD,1549.9520000000002,A vérifier,En attente,4262.368,2906.16
486,2024-06-06,Client A,Charges fixes,12007.52,Revenu,CAD,4803.008000000001,,Validé,13208.272,9005.64
487,2024-03-18,Client A,Vente de produits,-6928.66,Dépense,EUR,0.0,,Validé,-7621.526000000001,-5196.495
488,2024-02-12,Client B,Vente de produits,9141.47,Revenu,EUR,3656.5879999999997,,Validé,10055.617,6856.102499999999
489,2024-01-16,Client E,Charges fixes,-6034.28,Dépense,EUR,0.0,A vérifier,En attente,-6637.7080000000005,-4525.71
490,2024-02-20,Client D,Vente de services,-9790.54,Dépense,USD,0.0,,Validé,-10769.594000000001,-7342.905000000001
491,2024-01-13,Client B,Vente de produits,3850.93,Revenu,USD,1540.372,A vérifier,En attente,4236.023,2888.1974999999998
492,2024-05-11,Client C,Vente de produits,15509.24,Revenu,CAD,6203.696,,Rejeté,17060.164,11631.93
493,2024-01-26,Client E,Salaires,4456.88,Revenu,CAD,1782.7520000000002,A vérifier,En attente,4902.568,3342.66
494,2024-05-10,Client C,Salaires,7901.08,Revenu,USD,3160.4320000000002,A vérifier,En attente,8691.188,5925.8099999999995
495,2024-04-01,Client B,Salaires,-4526.8,Dépense,USD,0.0,,Rejeté,-4979.4800000000005,-3395.1000000000004
496,2024-02-14,Client E,Vente de services,5407.13,Revenu,EUR,2162.8520000000003,A vérifier,En attente,5947.843000000001,4055.3475
497,2024-01-20,Client A,Vente de produits,11008.87,Revenu,USD,4403.548000000001,,Rejeté,12109.757000000001,8256.6525
498,2024-04-27,Client C,Investissement,13440.59,Revenu,CAD,5376.236000000001,,Validé,14784.649000000001,10080.442500000001
499,2024-05-28,Client A,Vente de produits,10624.1,Revenu,EUR,4249.64,,Rejeté,11686.510000000002,7968.075000000001
500,2024-06-22,Client A,Investissement,-4409.38,Investissement,EUR,0.0,,Validé,-4850.318,-3307.035
